columns,kernel,gamma,cost,error,dispersion,degree
all,radial,0.001,0.01,0.44924812030075184,0.059196987839262714,NA
all,radial,0.01,0.01,0.44924812030075184,0.059196987839262714,NA
all,radial,0.1,0.01,0.44924812030075184,0.059196987839262714,NA
all,radial,1,0.01,0.44924812030075184,0.059196987839262714,NA
all,radial,10,0.01,0.44924812030075184,0.059196987839262714,NA
all,radial,100,0.01,0.44924812030075184,0.059196987839262714,NA
all,radial,1000,0.01,0.44924812030075184,0.059196987839262714,NA
all,radial,0.001,0.1,0.30892857142857144,0.08562876319612425,NA
all,radial,0.01,0.1,0.25592105263157894,0.05360560604784187,NA
all,radial,0.1,0.1,0.44924812030075184,0.059196987839262714,NA
all,radial,1,0.1,0.44924812030075184,0.059196987839262714,NA
all,radial,10,0.1,0.44924812030075184,0.059196987839262714,NA
all,radial,100,0.1,0.44924812030075184,0.059196987839262714,NA
all,radial,1000,0.1,0.44924812030075184,0.059196987839262714,NA
all,radial,0.001,1,0.23101503759398498,0.053482132557507944,NA
all,radial,0.01,1,0.19739974937343358,0.06480150386570106,NA
all,radial,0.1,1,0.324968671679198,0.05830211817520189,NA
all,radial,1,1,0.42080200501253134,0.059177973485573306,NA
all,radial,10,1,0.43154761904761907,0.0562112784716868,NA
all,radial,100,1,0.43859649122807015,0.06157872579024582,NA
all,radial,1000,1,0.4421679197994987,0.058435917319682874,NA
all,radial,0.001,10,0.2168233082706767,0.06524944617001831,NA
all,radial,0.01,10,0.2363095238095238,0.07585466423323017,NA
all,radial,0.1,10,0.325031328320802,0.04269249284340163,NA
all,radial,1,10,0.4172619047619048,0.0517499124042657,NA
all,radial,10,10,0.42797619047619045,0.060540794487578396,NA
all,radial,100,10,0.43859649122807015,0.06157872579024582,NA
all,radial,1000,10,0.4421679197994987,0.058435917319682874,NA
all,radial,0.001,100,0.218515037593985,0.06409417656916036,NA
all,radial,0.01,100,0.2682644110275689,0.05422526207757551,NA
all,radial,0.1,100,0.33035714285714285,0.03347369138817315,NA
all,radial,1,100,0.4172619047619048,0.0517499124042657,NA
all,radial,10,100,0.42797619047619045,0.060540794487578396,NA
all,radial,100,100,0.43859649122807015,0.06157872579024582,NA
all,radial,1000,100,0.4421679197994987,0.058435917319682874,NA
all,radial,0.001,1000,0.24163533834586465,0.048008838731619194,NA
all,radial,0.01,1000,0.2788847117794486,0.03257134399631641,NA
all,radial,0.1,1000,0.33035714285714285,0.03347369138817315,NA
all,radial,1,1000,0.4172619047619048,0.0517499124042657,NA
all,radial,10,1000,0.42797619047619045,0.060540794487578396,NA
all,radial,100,1000,0.43859649122807015,0.06157872579024582,NA
all,radial,1000,1000,0.4421679197994987,0.058435917319682874,NA
all,polynomial3,0.001,0.01,0.4494674185463659,0.048195193394411015,3
all,polynomial3,0.01,0.01,0.4494674185463659,0.048195193394411015,3
all,polynomial3,0.1,0.01,0.22904135338345863,0.05433844838333954,3
all,polynomial3,1,0.01,0.3144110275689223,0.056532396390954046,3
all,polynomial3,10,0.01,0.3144110275689223,0.056532396390954046,3
all,polynomial3,100,0.01,0.3144110275689223,0.056532396390954046,3
all,polynomial3,1000,0.01,0.3144110275689223,0.056532396390954046,3
all,polynomial3,0.001,0.1,0.4494674185463659,0.048195193394411015,3
all,polynomial3,0.01,0.1,0.4476817042606516,0.049371905134047246,3
all,polynomial3,0.1,0.1,0.2893483709273183,0.058349075756079075,3
all,polynomial3,1,0.1,0.3144110275689223,0.056532396390954046,3
all,polynomial3,10,0.1,0.3144110275689223,0.056532396390954046,3
all,polynomial3,100,0.1,0.3144110275689223,0.056532396390954046,3
all,polynomial3,1000,0.1,0.3144110275689223,0.056532396390954046,3
all,polynomial3,0.001,1,0.4494674185463659,0.048195193394411015,3
all,polynomial3,0.01,1,0.24157268170426066,0.04036410956325782,3
all,polynomial3,0.1,1,0.2913220551378446,0.06699109669752339,3
all,polynomial3,1,1,0.3144110275689223,0.056532396390954046,3
all,polynomial3,10,1,0.3144110275689223,0.056532396390954046,3
all,polynomial3,100,1,0.3144110275689223,0.056532396390954046,3
all,polynomial3,1000,1,0.3144110275689223,0.056532396390954046,3
all,polynomial3,0.001,10,0.4494674185463659,0.048195193394411015,3
all,polynomial3,0.01,10,0.22904135338345863,0.05433844838333954,3
all,polynomial3,0.1,10,0.3144110275689223,0.056532396390954046,3
all,polynomial3,1,10,0.3144110275689223,0.056532396390954046,3
all,polynomial3,10,10,0.3144110275689223,0.056532396390954046,3
all,polynomial3,100,10,0.3144110275689223,0.056532396390954046,3
all,polynomial3,1000,10,0.3144110275689223,0.056532396390954046,3
all,polynomial3,0.001,100,0.4476817042606516,0.049371905134047246,3
all,polynomial3,0.01,100,0.2893483709273183,0.058349075756079075,3
all,polynomial3,0.1,100,0.3144110275689223,0.056532396390954046,3
all,polynomial3,1,100,0.3144110275689223,0.056532396390954046,3
all,polynomial3,10,100,0.3144110275689223,0.056532396390954046,3
all,polynomial3,100,100,0.3144110275689223,0.056532396390954046,3
all,polynomial3,1000,100,0.3144110275689223,0.056532396390954046,3
all,polynomial3,0.001,1000,0.24157268170426066,0.04036410956325782,3
all,polynomial3,0.01,1000,0.2913220551378446,0.06699109669752339,3
all,polynomial3,0.1,1000,0.3144110275689223,0.056532396390954046,3
all,polynomial3,1,1000,0.3144110275689223,0.056532396390954046,3
all,polynomial3,10,1000,0.3144110275689223,0.056532396390954046,3
all,polynomial3,100,1000,0.3144110275689223,0.056532396390954046,3
all,polynomial3,1000,1000,0.3144110275689223,0.056532396390954046,3
all,polynomial4,0.001,0.01,0.4492794486215539,0.06029658743035727,4
all,polynomial4,0.01,0.01,0.4492794486215539,0.06029658743035727,4
all,polynomial4,0.1,0.01,0.3211466165413534,0.07131817286710812,4
all,polynomial4,1,0.01,0.3656328320802005,0.0674678258169924,4
all,polynomial4,10,0.01,0.3656328320802005,0.0674678258169924,4
all,polynomial4,100,0.01,0.3656328320802005,0.0674678258169924,4
all,polynomial4,1000,0.01,0.3656328320802005,0.0674678258169924,4
all,polynomial4,0.001,0.1,0.4492794486215539,0.06029658743035727,4
all,polynomial4,0.01,0.1,0.45106516290726817,0.06424670659667421,4
all,polynomial4,0.1,0.1,0.33900375939849625,0.06931208767332266,4
all,polynomial4,1,0.1,0.3656328320802005,0.0674678258169924,4
all,polynomial4,10,0.1,0.3656328320802005,0.0674678258169924,4
all,polynomial4,100,0.1,0.3656328320802005,0.0674678258169924,4
all,polynomial4,1000,0.1,0.3656328320802005,0.0674678258169924,4
all,polynomial4,0.001,1,0.4492794486215539,0.06029658743035727,4
all,polynomial4,0.01,1,0.43339598997493733,0.06461878272639857,4
all,polynomial4,0.1,1,0.3462406015037594,0.060887513643578146,4
all,polynomial4,1,1,0.3656328320802005,0.0674678258169924,4
all,polynomial4,10,1,0.3656328320802005,0.0674678258169924,4
all,polynomial4,100,1,0.3656328320802005,0.0674678258169924,4
all,polynomial4,1000,1,0.3656328320802005,0.0674678258169924,4
all,polynomial4,0.001,10,0.4492794486215539,0.06029658743035727,4
all,polynomial4,0.01,10,0.34078947368421053,0.05665525652218778,4
all,polynomial4,0.1,10,0.3656328320802005,0.0674678258169924,4
all,polynomial4,1,10,0.3656328320802005,0.0674678258169924,4
all,polynomial4,10,10,0.3656328320802005,0.0674678258169924,4
all,polynomial4,100,10,0.3656328320802005,0.0674678258169924,4
all,polynomial4,1000,10,0.3656328320802005,0.0674678258169924,4
all,polynomial4,0.001,100,0.4492794486215539,0.06029658743035727,4
all,polynomial4,0.01,100,0.3211466165413534,0.07131817286710812,4
all,polynomial4,0.1,100,0.3656328320802005,0.0674678258169924,4
all,polynomial4,1,100,0.3656328320802005,0.0674678258169924,4
all,polynomial4,10,100,0.3656328320802005,0.0674678258169924,4
all,polynomial4,100,100,0.3656328320802005,0.0674678258169924,4
all,polynomial4,1000,100,0.3656328320802005,0.0674678258169924,4
all,polynomial4,0.001,1000,0.45106516290726817,0.06424670659667421,4
all,polynomial4,0.01,1000,0.33900375939849625,0.06931208767332266,4
all,polynomial4,0.1,1000,0.3656328320802005,0.0674678258169924,4
all,polynomial4,1,1000,0.3656328320802005,0.0674678258169924,4
all,polynomial4,10,1000,0.3656328320802005,0.0674678258169924,4
all,polynomial4,100,1000,0.3656328320802005,0.0674678258169924,4
all,polynomial4,1000,1000,0.3656328320802005,0.0674678258169924,4
all,polynomial5,0.001,0.01,0.4494674185463659,0.06202604034876177,5
all,polynomial5,0.01,0.01,0.4512218045112782,0.06463445031696892,5
all,polynomial5,0.1,0.01,0.27167919799498746,0.04470356105779903,5
all,polynomial5,1,0.01,0.31265664160401,0.06758467552633464,5
all,polynomial5,10,0.01,0.31265664160401,0.06758467552633464,5
all,polynomial5,100,0.01,0.31265664160401,0.06758467552633464,5
all,polynomial5,1000,0.01,0.31265664160401,0.06758467552633464,5
all,polynomial5,0.001,0.1,0.4494674185463659,0.06202604034876177,5
all,polynomial5,0.01,0.1,0.4512218045112782,0.06352864559997838,5
all,polynomial5,0.1,0.1,0.28593358395989976,0.05519774923908653,5
all,polynomial5,1,0.1,0.31265664160401,0.06758467552633464,5
all,polynomial5,10,0.1,0.31265664160401,0.06758467552633464,5
all,polynomial5,100,0.1,0.31265664160401,0.06758467552633464,5
all,polynomial5,1000,0.1,0.31265664160401,0.06758467552633464,5
all,polynomial5,0.001,1,0.4494674185463659,0.06202604034876177,5
all,polynomial5,0.01,1,0.4405075187969925,0.06229557795347695,5
all,polynomial5,0.1,1,0.28771929824561404,0.06545931664377162,5
all,polynomial5,1,1,0.31265664160401,0.06758467552633464,5
all,polynomial5,10,1,0.31265664160401,0.06758467552633464,5
all,polynomial5,100,1,0.31265664160401,0.06758467552633464,5
all,polynomial5,1000,1,0.31265664160401,0.06758467552633464,5
all,polynomial5,0.001,10,0.4494674185463659,0.06202604034876177,5
all,polynomial5,0.01,10,0.3267857142857143,0.07057993263339522,5
all,polynomial5,0.1,10,0.31265664160401,0.06758467552633464,5
all,polynomial5,1,10,0.31265664160401,0.06758467552633464,5
all,polynomial5,10,10,0.31265664160401,0.06758467552633464,5
all,polynomial5,100,10,0.31265664160401,0.06758467552633464,5
all,polynomial5,1000,10,0.31265664160401,0.06758467552633464,5
all,polynomial5,0.001,100,0.4494674185463659,0.06202604034876177,5
all,polynomial5,0.01,100,0.27512531328320805,0.04316184162561361,5
all,polynomial5,0.1,100,0.31265664160401,0.06758467552633464,5
all,polynomial5,1,100,0.31265664160401,0.06758467552633464,5
all,polynomial5,10,100,0.31265664160401,0.06758467552633464,5
all,polynomial5,100,100,0.31265664160401,0.06758467552633464,5
all,polynomial5,1000,100,0.31265664160401,0.06758467552633464,5
all,polynomial5,0.001,1000,0.4512218045112782,0.06463445031696892,5
all,polynomial5,0.01,1000,0.27167919799498746,0.04470356105779903,5
all,polynomial5,0.1,1000,0.31265664160401,0.06758467552633464,5
all,polynomial5,1,1000,0.31265664160401,0.06758467552633464,5
all,polynomial5,10,1000,0.31265664160401,0.06758467552633464,5
all,polynomial5,100,1000,0.31265664160401,0.06758467552633464,5
all,polynomial5,1000,1000,0.31265664160401,0.06758467552633464,5
all,sigmoid,0.001,0.01,0.44918546365914785,0.06166222159006508,NA
all,sigmoid,0.01,0.01,0.44918546365914785,0.06166222159006508,NA
all,sigmoid,0.1,0.01,0.24887218045112783,0.05342235565565251,NA
all,sigmoid,1,0.01,0.2506578947368421,0.05309848995307511,NA
all,sigmoid,10,0.01,0.25244360902255636,0.05330415559701234,NA
all,sigmoid,100,0.01,0.2506265664160401,0.05020140075907233,NA
all,sigmoid,1000,0.01,0.2506265664160401,0.05020140075907233,NA
all,sigmoid,0.001,0.1,0.44918546365914785,0.06166222159006508,NA
all,sigmoid,0.01,0.1,0.24705513784461153,0.047248952037193946,NA
all,sigmoid,0.1,0.1,0.27713032581453634,0.04066872450045803,NA
all,sigmoid,1,0.1,0.31087092731829574,0.03400018585920574,NA
all,sigmoid,10,0.1,0.2931704260651629,0.05362927026016551,NA
all,sigmoid,100,0.1,0.2860902255639098,0.04215539592143192,NA
all,sigmoid,1000,0.1,0.2860902255639098,0.051378403664971484,NA
all,sigmoid,0.001,1,0.24530075187969927,0.04904747426086624,NA
all,sigmoid,0.01,1,0.23280075187969926,0.06113250862679099,NA
all,sigmoid,0.1,1,0.3269110275689223,0.03234336203740635,NA
all,sigmoid,1,1,0.3732456140350877,0.06671031442598267,NA
all,sigmoid,10,1,0.3321741854636591,0.03765544556019681,NA
all,sigmoid,100,1,0.3411654135338346,0.05975000624595973,NA
all,sigmoid,1000,1,0.3430764411027569,0.0635268260071621,NA
all,sigmoid,0.001,10,0.22384085213032584,0.0505760786057736,NA
all,sigmoid,0.01,10,0.2841478696741855,0.03961405293499631,NA
all,sigmoid,0.1,10,0.33392857142857146,0.039102700459357424,NA
all,sigmoid,1,10,0.38032581453634084,0.06516441342003343,NA
all,sigmoid,10,10,0.3392857142857143,0.04068019952642096,NA
all,sigmoid,100,10,0.3430137844611529,0.05884138295872944,NA
all,sigmoid,1000,10,0.3412593984962406,0.0613996103678971,NA
all,sigmoid,0.001,100,0.2522869674185464,0.07159114254575748,NA
all,sigmoid,0.01,100,0.2964598997493734,0.04666600833357277,NA
all,sigmoid,0.1,100,0.3410401002506266,0.03998728780718754,NA
all,sigmoid,1,100,0.3731829573934837,0.06260942247475858,NA
all,sigmoid,10,100,0.34285714285714286,0.03401466409786258,NA
all,sigmoid,100,100,0.3395363408521303,0.07444398341876211,NA
all,sigmoid,1000,100,0.3395050125313283,0.06407167976475528,NA
all,sigmoid,0.001,1000,0.2574874686716792,0.05213934740620877,NA
all,sigmoid,0.01,1000,0.3,0.03779049171279606,NA
all,sigmoid,0.1,1000,0.3375,0.038555209458794426,NA
all,sigmoid,1,1000,0.3731829573934837,0.06260942247475858,NA
all,sigmoid,10,1000,0.34464285714285714,0.033224254922977876,NA
all,sigmoid,100,1000,0.33771929824561403,0.06868154322642084,NA
all,sigmoid,1000,1000,0.3430137844611529,0.06075800066274333,NA
notcorrelating90,radial,0.001,0.01,0.4494987468671679,0.08645012140326766,NA
notcorrelating90,radial,0.01,0.01,0.4494987468671679,0.08645012140326766,NA
notcorrelating90,radial,0.1,0.01,0.4494987468671679,0.08645012140326766,NA
notcorrelating90,radial,1,0.01,0.4494987468671679,0.08645012140326766,NA
notcorrelating90,radial,10,0.01,0.4494987468671679,0.08645012140326766,NA
notcorrelating90,radial,100,0.01,0.4494987468671679,0.08645012140326766,NA
notcorrelating90,radial,1000,0.01,0.4494987468671679,0.08645012140326766,NA
notcorrelating90,radial,0.001,0.1,0.43527568922305765,0.1001071751085938,NA
notcorrelating90,radial,0.01,0.1,0.24335839598997497,0.04831987687907614,NA
notcorrelating90,radial,0.1,0.1,0.4494987468671679,0.08645012140326766,NA
notcorrelating90,radial,1,0.1,0.4494987468671679,0.08645012140326766,NA
notcorrelating90,radial,10,0.1,0.4494987468671679,0.08645012140326766,NA
notcorrelating90,radial,100,0.1,0.4494987468671679,0.08645012140326766,NA
notcorrelating90,radial,1000,0.1,0.4494987468671679,0.08645012140326766,NA
notcorrelating90,radial,0.001,1,0.2167606516290727,0.06346860585719569,NA
notcorrelating90,radial,0.01,1,0.1917606516290727,0.051363681902408156,NA
notcorrelating90,radial,0.1,1,0.3213345864661654,0.06856140955801689,NA
notcorrelating90,radial,1,1,0.42105263157894735,0.08031681032983722,NA
notcorrelating90,radial,10,1,0.4316729323308271,0.08771649481337955,NA
notcorrelating90,radial,100,1,0.4387844611528822,0.08735992742356094,NA
notcorrelating90,radial,1000,1,0.4423558897243108,0.0904117463151289,NA
notcorrelating90,radial,0.001,10,0.21306390977443607,0.07078559193715338,NA
notcorrelating90,radial,0.01,10,0.2307330827067669,0.04247430477471045,NA
notcorrelating90,radial,0.1,10,0.3230889724310777,0.06551374537730989,NA
notcorrelating90,radial,1,10,0.42102130325814535,0.07370607701894423,NA
notcorrelating90,radial,10,10,0.4281328320802005,0.0879219771334038,NA
notcorrelating90,radial,100,10,0.4387844611528822,0.08735992742356094,NA
notcorrelating90,radial,1000,10,0.4423558897243108,0.0904117463151289,NA
notcorrelating90,radial,0.001,100,0.19874686716791978,0.059482977098279155,NA
notcorrelating90,radial,0.01,100,0.2627192982456141,0.04144563055343621,NA
notcorrelating90,radial,0.1,100,0.3230889724310777,0.06331353821533633,NA
notcorrelating90,radial,1,100,0.42102130325814535,0.07370607701894423,NA
notcorrelating90,radial,10,100,0.4281328320802005,0.0879219771334038,NA
notcorrelating90,radial,100,100,0.4387844611528822,0.08735992742356094,NA
notcorrelating90,radial,1000,100,0.4423558897243108,0.0904117463151289,NA
notcorrelating90,radial,0.001,1000,0.2449874686716792,0.04658624184861334,NA
notcorrelating90,radial,0.01,1000,0.2804824561403509,0.05363562436143386,NA
notcorrelating90,radial,0.1,1000,0.3230889724310777,0.06331353821533633,NA
notcorrelating90,radial,1,1000,0.42102130325814535,0.07370607701894423,NA
notcorrelating90,radial,10,1000,0.4281328320802005,0.0879219771334038,NA
notcorrelating90,radial,100,1000,0.4387844611528822,0.08735992742356094,NA
notcorrelating90,radial,1000,1000,0.4423558897243108,0.0904117463151289,NA
notcorrelating90,polynomial3,0.001,0.01,0.4492481203007519,0.07207707946288987,3
notcorrelating90,polynomial3,0.01,0.01,0.4492481203007519,0.07207707946288987,3
notcorrelating90,polynomial3,0.1,0.01,0.24859022556390978,0.05599571590916758,3
notcorrelating90,polynomial3,1,0.01,0.27537593984962405,0.03913491233990957,3
notcorrelating90,polynomial3,10,0.01,0.2700501253132832,0.03494695677883204,3
notcorrelating90,polynomial3,100,0.01,0.2700501253132832,0.03494695677883204,3
notcorrelating90,polynomial3,1000,0.01,0.2700501253132832,0.03494695677883204,3
notcorrelating90,polynomial3,0.001,0.1,0.4492481203007519,0.07207707946288987,3
notcorrelating90,polynomial3,0.01,0.1,0.4492481203007519,0.07207707946288987,3
notcorrelating90,polynomial3,0.1,0.1,0.25219298245614036,0.053477809645235456,3
notcorrelating90,polynomial3,1,0.1,0.2700501253132832,0.03494695677883204,3
notcorrelating90,polynomial3,10,0.1,0.2700501253132832,0.03494695677883204,3
notcorrelating90,polynomial3,100,0.1,0.2700501253132832,0.03494695677883204,3
notcorrelating90,polynomial3,1000,0.1,0.2700501253132832,0.03494695677883204,3
notcorrelating90,polynomial3,0.001,1,0.4492481203007519,0.07207707946288987,3
notcorrelating90,polynomial3,0.01,1,0.32142857142857145,0.06351850843109311,3
notcorrelating90,polynomial3,0.1,1,0.2823934837092732,0.04896830224924433,3
notcorrelating90,polynomial3,1,1,0.2700501253132832,0.03494695677883204,3
notcorrelating90,polynomial3,10,1,0.2700501253132832,0.03494695677883204,3
notcorrelating90,polynomial3,100,1,0.2700501253132832,0.03494695677883204,3
notcorrelating90,polynomial3,1000,1,0.2700501253132832,0.03494695677883204,3
notcorrelating90,polynomial3,0.001,10,0.4492481203007519,0.07207707946288987,3
notcorrelating90,polynomial3,0.01,10,0.24859022556390978,0.05599571590916758,3
notcorrelating90,polynomial3,0.1,10,0.27537593984962405,0.03913491233990957,3
notcorrelating90,polynomial3,1,10,0.2700501253132832,0.03494695677883204,3
notcorrelating90,polynomial3,10,10,0.2700501253132832,0.03494695677883204,3
notcorrelating90,polynomial3,100,10,0.2700501253132832,0.03494695677883204,3
notcorrelating90,polynomial3,1000,10,0.2700501253132832,0.03494695677883204,3
notcorrelating90,polynomial3,0.001,100,0.4492481203007519,0.07207707946288987,3
notcorrelating90,polynomial3,0.01,100,0.25219298245614036,0.053477809645235456,3
notcorrelating90,polynomial3,0.1,100,0.2700501253132832,0.03494695677883204,3
notcorrelating90,polynomial3,1,100,0.2700501253132832,0.03494695677883204,3
notcorrelating90,polynomial3,10,100,0.2700501253132832,0.03494695677883204,3
notcorrelating90,polynomial3,100,100,0.2700501253132832,0.03494695677883204,3
notcorrelating90,polynomial3,1000,100,0.2700501253132832,0.03494695677883204,3
notcorrelating90,polynomial3,0.001,1000,0.32142857142857145,0.06351850843109311,3
notcorrelating90,polynomial3,0.01,1000,0.2823934837092732,0.04896830224924433,3
notcorrelating90,polynomial3,0.1,1000,0.2700501253132832,0.03494695677883204,3
notcorrelating90,polynomial3,1,1000,0.2700501253132832,0.03494695677883204,3
notcorrelating90,polynomial3,10,1000,0.2700501253132832,0.03494695677883204,3
notcorrelating90,polynomial3,100,1000,0.2700501253132832,0.03494695677883204,3
notcorrelating90,polynomial3,1000,1000,0.2700501253132832,0.03494695677883204,3
notcorrelating90,polynomial4,0.001,0.01,0.4493421052631579,0.06303181502274764,4
notcorrelating90,polynomial4,0.01,0.01,0.4493421052631579,0.06303181502274764,4
notcorrelating90,polynomial4,0.1,0.01,0.3319862155388471,0.060962377556855775,4
notcorrelating90,polynomial4,1,0.01,0.33414786967418547,0.04959783201233215,4
notcorrelating90,polynomial4,10,0.01,0.33414786967418547,0.04959783201233215,4
notcorrelating90,polynomial4,100,0.01,0.33414786967418547,0.04959783201233215,4
notcorrelating90,polynomial4,1000,0.01,0.33414786967418547,0.04959783201233215,4
notcorrelating90,polynomial4,0.001,0.1,0.4493421052631579,0.06303181502274764,4
notcorrelating90,polynomial4,0.01,0.1,0.45109649122807016,0.06354278858238029,4
notcorrelating90,polynomial4,0.1,0.1,0.3179511278195489,0.0603865878087677,4
notcorrelating90,polynomial4,1,0.1,0.33414786967418547,0.04959783201233215,4
notcorrelating90,polynomial4,10,0.1,0.33414786967418547,0.04959783201233215,4
notcorrelating90,polynomial4,100,0.1,0.33414786967418547,0.04959783201233215,4
notcorrelating90,polynomial4,1000,0.1,0.33414786967418547,0.04959783201233215,4
notcorrelating90,polynomial4,0.001,1,0.4493421052631579,0.06303181502274764,4
notcorrelating90,polynomial4,0.01,1,0.4404448621553885,0.06608047356962048,4
notcorrelating90,polynomial4,0.1,1,0.31256265664160404,0.04779849239646449,4
notcorrelating90,polynomial4,1,1,0.33414786967418547,0.04959783201233215,4
notcorrelating90,polynomial4,10,1,0.33414786967418547,0.04959783201233215,4
notcorrelating90,polynomial4,100,1,0.33414786967418547,0.04959783201233215,4
notcorrelating90,polynomial4,1000,1,0.33414786967418547,0.04959783201233215,4
notcorrelating90,polynomial4,0.001,10,0.4493421052631579,0.06303181502274764,4
notcorrelating90,polynomial4,0.01,10,0.37471804511278195,0.07050340977575198,4
notcorrelating90,polynomial4,0.1,10,0.33414786967418547,0.04959783201233215,4
notcorrelating90,polynomial4,1,10,0.33414786967418547,0.04959783201233215,4
notcorrelating90,polynomial4,10,10,0.33414786967418547,0.04959783201233215,4
notcorrelating90,polynomial4,100,10,0.33414786967418547,0.04959783201233215,4
notcorrelating90,polynomial4,1000,10,0.33414786967418547,0.04959783201233215,4
notcorrelating90,polynomial4,0.001,100,0.4493421052631579,0.06303181502274764,4
notcorrelating90,polynomial4,0.01,100,0.3319862155388471,0.060962377556855775,4
notcorrelating90,polynomial4,0.1,100,0.33414786967418547,0.04959783201233215,4
notcorrelating90,polynomial4,1,100,0.33414786967418547,0.04959783201233215,4
notcorrelating90,polynomial4,10,100,0.33414786967418547,0.04959783201233215,4
notcorrelating90,polynomial4,100,100,0.33414786967418547,0.04959783201233215,4
notcorrelating90,polynomial4,1000,100,0.33414786967418547,0.04959783201233215,4
notcorrelating90,polynomial4,0.001,1000,0.45109649122807016,0.06354278858238029,4
notcorrelating90,polynomial4,0.01,1000,0.3179511278195489,0.0603865878087677,4
notcorrelating90,polynomial4,0.1,1000,0.33414786967418547,0.04959783201233215,4
notcorrelating90,polynomial4,1,1000,0.33414786967418547,0.04959783201233215,4
notcorrelating90,polynomial4,10,1000,0.33414786967418547,0.04959783201233215,4
notcorrelating90,polynomial4,100,1000,0.33414786967418547,0.04959783201233215,4
notcorrelating90,polynomial4,1000,1000,0.33414786967418547,0.04959783201233215,4
notcorrelating90,polynomial5,0.001,0.01,0.4494047619047619,0.05343706126097382,5
notcorrelating90,polynomial5,0.01,0.01,0.4494047619047619,0.05343706126097382,5
notcorrelating90,polynomial5,0.1,0.01,0.2910714285714286,0.07061051855598718,5
notcorrelating90,polynomial5,1,0.01,0.3231516290726817,0.0618861442622785,5
notcorrelating90,polynomial5,10,0.01,0.3231516290726817,0.0618861442622785,5
notcorrelating90,polynomial5,100,0.01,0.3231516290726817,0.0618861442622785,5
notcorrelating90,polynomial5,1000,0.01,0.3231516290726817,0.0618861442622785,5
notcorrelating90,polynomial5,0.001,0.1,0.4494047619047619,0.05343706126097382,5
notcorrelating90,polynomial5,0.01,0.1,0.4511904761904762,0.05557141374535375,5
notcorrelating90,polynomial5,0.1,0.1,0.2946115288220551,0.07139714459096937,5
notcorrelating90,polynomial5,1,0.1,0.3231516290726817,0.0618861442622785,5
notcorrelating90,polynomial5,10,0.1,0.3231516290726817,0.0618861442622785,5
notcorrelating90,polynomial5,100,0.1,0.3231516290726817,0.0618861442622785,5
notcorrelating90,polynomial5,1000,0.1,0.3231516290726817,0.0618861442622785,5
notcorrelating90,polynomial5,0.001,1,0.4494047619047619,0.05343706126097382,5
notcorrelating90,polynomial5,0.01,1,0.4423245614035088,0.05720037223167987,5
notcorrelating90,polynomial5,0.1,1,0.287593984962406,0.04529756934589251,5
notcorrelating90,polynomial5,1,1,0.3231516290726817,0.0618861442622785,5
notcorrelating90,polynomial5,10,1,0.3231516290726817,0.0618861442622785,5
notcorrelating90,polynomial5,100,1,0.3231516290726817,0.0618861442622785,5
notcorrelating90,polynomial5,1000,1,0.3231516290726817,0.0618861442622785,5
notcorrelating90,polynomial5,0.001,10,0.4494047619047619,0.05343706126097382,5
notcorrelating90,polynomial5,0.01,10,0.39592731829573935,0.06437269890614886,5
notcorrelating90,polynomial5,0.1,10,0.3231516290726817,0.0618861442622785,5
notcorrelating90,polynomial5,1,10,0.3231516290726817,0.0618861442622785,5
notcorrelating90,polynomial5,10,10,0.3231516290726817,0.0618861442622785,5
notcorrelating90,polynomial5,100,10,0.3231516290726817,0.0618861442622785,5
notcorrelating90,polynomial5,1000,10,0.3231516290726817,0.0618861442622785,5
notcorrelating90,polynomial5,0.001,100,0.4494047619047619,0.05343706126097382,5
notcorrelating90,polynomial5,0.01,100,0.3213032581453634,0.06278308044554055,5
notcorrelating90,polynomial5,0.1,100,0.3231516290726817,0.0618861442622785,5
notcorrelating90,polynomial5,1,100,0.3231516290726817,0.0618861442622785,5
notcorrelating90,polynomial5,10,100,0.3231516290726817,0.0618861442622785,5
notcorrelating90,polynomial5,100,100,0.3231516290726817,0.0618861442622785,5
notcorrelating90,polynomial5,1000,100,0.3231516290726817,0.0618861442622785,5
notcorrelating90,polynomial5,0.001,1000,0.4494047619047619,0.05343706126097382,5
notcorrelating90,polynomial5,0.01,1000,0.2910714285714286,0.07061051855598718,5
notcorrelating90,polynomial5,0.1,1000,0.3231516290726817,0.0618861442622785,5
notcorrelating90,polynomial5,1,1000,0.3231516290726817,0.0618861442622785,5
notcorrelating90,polynomial5,10,1000,0.3231516290726817,0.0618861442622785,5
notcorrelating90,polynomial5,100,1000,0.3231516290726817,0.0618861442622785,5
notcorrelating90,polynomial5,1000,1000,0.3231516290726817,0.0618861442622785,5
notcorrelating90,sigmoid,0.001,0.01,0.44968671679197997,0.06090012120763964,NA
notcorrelating90,sigmoid,0.01,0.01,0.44968671679197997,0.06090012120763964,NA
notcorrelating90,sigmoid,0.1,0.01,0.2362155388471178,0.05633835225076956,NA
notcorrelating90,sigmoid,1,0.01,0.24868421052631579,0.053322360422011994,NA
notcorrelating90,sigmoid,10,0.01,0.24686716791979949,0.050044752164683695,NA
notcorrelating90,sigmoid,100,0.01,0.2450814536340852,0.04880788609419031,NA
notcorrelating90,sigmoid,1000,0.01,0.2450814536340852,0.04880788609419031,NA
notcorrelating90,sigmoid,0.001,0.1,0.44968671679197997,0.06090012120763964,NA
notcorrelating90,sigmoid,0.01,0.1,0.22913533834586466,0.05290400216761542,NA
notcorrelating90,sigmoid,0.1,0.1,0.27008145363408526,0.02834071405659981,NA
notcorrelating90,sigmoid,1,0.1,0.3036967418546366,0.03551900325360868,NA
notcorrelating90,sigmoid,10,0.1,0.29135338345864664,0.042054956537424366,NA
notcorrelating90,sigmoid,100,0.1,0.2966791979949875,0.03183350686249113,NA
notcorrelating90,sigmoid,1000,0.1,0.30908521303258146,0.04751432151714412,NA
notcorrelating90,sigmoid,0.001,1,0.22913533834586466,0.05290400216761542,NA
notcorrelating90,sigmoid,0.01,1,0.2255952380952381,0.05024427412866602,NA
notcorrelating90,sigmoid,0.1,1,0.337531328320802,0.02963511223283452,NA
notcorrelating90,sigmoid,1,1,0.3285087719298246,0.060687017737242485,NA
notcorrelating90,sigmoid,10,1,0.3194548872180451,0.06320441597588529,NA
notcorrelating90,sigmoid,100,1,0.33211152882205514,0.04591412165379621,NA
notcorrelating90,sigmoid,1000,1,0.31798245614035087,0.04974532241944477,NA
notcorrelating90,sigmoid,0.001,10,0.21676065162907268,0.05283536757384638,NA
notcorrelating90,sigmoid,0.01,10,0.25391604010025065,0.046765498878920946,NA
notcorrelating90,sigmoid,0.1,10,0.3570175438596491,0.03393666851350241,NA
notcorrelating90,sigmoid,1,10,0.34981203007518796,0.06097564031179399,NA
notcorrelating90,sigmoid,10,10,0.33208020050125314,0.05611200682075959,NA
notcorrelating90,sigmoid,100,10,0.3410401002506266,0.0463266672156468,NA
notcorrelating90,sigmoid,1000,10,0.34285714285714286,0.0602219823476741,NA
notcorrelating90,sigmoid,0.001,100,0.21669799498746867,0.040723349358616295,NA
notcorrelating90,sigmoid,0.01,100,0.2947994987468672,0.036817849205380615,NA
notcorrelating90,sigmoid,0.1,100,0.3480263157894737,0.044980227474991724,NA
notcorrelating90,sigmoid,1,100,0.349937343358396,0.06302229008709098,NA
notcorrelating90,sigmoid,10,100,0.3285087719298246,0.05797107096244825,NA
notcorrelating90,sigmoid,100,100,0.33383458646616543,0.05767100549425269,NA
notcorrelating90,sigmoid,1000,100,0.3392857142857143,0.06150270603390998,NA
notcorrelating90,sigmoid,0.001,1000,0.2380325814536341,0.05512000198635458,NA
notcorrelating90,sigmoid,0.01,1000,0.3037907268170426,0.04560612820912632,NA
notcorrelating90,sigmoid,0.1,1000,0.3410714285714286,0.04455334428307248,NA
notcorrelating90,sigmoid,1,1000,0.349937343358396,0.06302229008709098,NA
notcorrelating90,sigmoid,10,1000,0.3285087719298246,0.05797107096244825,NA
notcorrelating90,sigmoid,100,1000,0.33220551378446117,0.0658614066178628,NA
notcorrelating90,sigmoid,1000,1000,0.33577694235588973,0.0595124129851248,NA
notcorrelating85,radial,0.001,0.01,0.4490914786967419,0.07194354834357286,NA
notcorrelating85,radial,0.01,0.01,0.4490914786967419,0.07194354834357286,NA
notcorrelating85,radial,0.1,0.01,0.4490914786967419,0.07194354834357286,NA
notcorrelating85,radial,1,0.01,0.4490914786967419,0.07194354834357286,NA
notcorrelating85,radial,10,0.01,0.4490914786967419,0.07194354834357286,NA
notcorrelating85,radial,100,0.01,0.4490914786967419,0.07194354834357286,NA
notcorrelating85,radial,1000,0.01,0.4490914786967419,0.07194354834357286,NA
notcorrelating85,radial,0.001,0.1,0.4490914786967419,0.07194354834357286,NA
notcorrelating85,radial,0.01,0.1,0.25394736842105264,0.06606673353034345,NA
notcorrelating85,radial,0.1,0.1,0.4490914786967419,0.07194354834357286,NA
notcorrelating85,radial,1,0.1,0.4490914786967419,0.07194354834357286,NA
notcorrelating85,radial,10,0.1,0.4490914786967419,0.07194354834357286,NA
notcorrelating85,radial,100,0.1,0.4490914786967419,0.07194354834357286,NA
notcorrelating85,radial,1000,0.1,0.4490914786967419,0.07194354834357286,NA
notcorrelating85,radial,0.001,1,0.20601503759398498,0.0594736264151225,NA
notcorrelating85,radial,0.01,1,0.2112468671679198,0.05685724381092291,NA
notcorrelating85,radial,0.1,1,0.30350877192982456,0.08252075019884907,NA
notcorrelating85,radial,1,1,0.41541353383458646,0.07885006357972432,NA
notcorrelating85,radial,10,1,0.4348370927318296,0.07639272542331216,NA
notcorrelating85,radial,100,1,0.43837719298245614,0.07393263198265415,NA
notcorrelating85,radial,1000,1,0.4419486215538847,0.07282291213076751,NA
notcorrelating85,radial,0.001,10,0.2255012531328321,0.054877704282993545,NA
notcorrelating85,radial,0.01,10,0.2520050125313283,0.04937349542775807,NA
notcorrelating85,radial,0.1,10,0.31049498746867166,0.09178983553274993,NA
notcorrelating85,radial,1,10,0.4171992481203008,0.0802692812079504,NA
notcorrelating85,radial,10,10,0.431296992481203,0.0781312172160042,NA
notcorrelating85,radial,100,10,0.43837719298245614,0.07393263198265415,NA
notcorrelating85,radial,1000,10,0.4419486215538847,0.07282291213076751,NA
notcorrelating85,radial,0.001,100,0.2200814536340852,0.04838019912566786,NA
notcorrelating85,radial,0.01,100,0.27512531328320805,0.06405784932909966,NA
notcorrelating85,radial,0.1,100,0.3088032581453634,0.0833482567881685,NA
notcorrelating85,radial,1,100,0.4171992481203008,0.0802692812079504,NA
notcorrelating85,radial,10,100,0.431296992481203,0.0781312172160042,NA
notcorrelating85,radial,100,100,0.43837719298245614,0.07393263198265415,NA
notcorrelating85,radial,1000,100,0.4419486215538847,0.07282291213076751,NA
notcorrelating85,radial,0.001,1000,0.25200501253132834,0.05620214989316558,NA
notcorrelating85,radial,0.01,1000,0.2980576441102757,0.061518697474206255,NA
notcorrelating85,radial,0.1,1000,0.3088032581453634,0.0833482567881685,NA
notcorrelating85,radial,1,1000,0.4171992481203008,0.0802692812079504,NA
notcorrelating85,radial,10,1000,0.431296992481203,0.0781312172160042,NA
notcorrelating85,radial,100,1000,0.43837719298245614,0.07393263198265415,NA
notcorrelating85,radial,1000,1000,0.4419486215538847,0.07282291213076751,NA
notcorrelating85,polynomial3,0.001,0.01,0.44937343358395987,0.0597250332506566,3
notcorrelating85,polynomial3,0.01,0.01,0.44937343358395987,0.0597250332506566,3
notcorrelating85,polynomial3,0.1,0.01,0.23778195488721804,0.06308074928696983,3
notcorrelating85,polynomial3,1,0.01,0.28944235588972433,0.040234761282717836,3
notcorrelating85,polynomial3,10,0.01,0.2964598997493734,0.04973415192421478,3
notcorrelating85,polynomial3,100,0.01,0.2964598997493734,0.04973415192421478,3
notcorrelating85,polynomial3,1000,0.01,0.2964598997493734,0.04973415192421478,3
notcorrelating85,polynomial3,0.001,0.1,0.44937343358395987,0.0597250332506566,3
notcorrelating85,polynomial3,0.01,0.1,0.45288220551378444,0.06444641627635044,3
notcorrelating85,polynomial3,0.1,0.1,0.2574874686716792,0.05824623959460774,3
notcorrelating85,polynomial3,1,0.1,0.2964598997493734,0.04973415192421478,3
notcorrelating85,polynomial3,10,0.1,0.2964598997493734,0.04973415192421478,3
notcorrelating85,polynomial3,100,0.1,0.2964598997493734,0.04973415192421478,3
notcorrelating85,polynomial3,1000,0.1,0.2964598997493734,0.04973415192421478,3
notcorrelating85,polynomial3,0.001,1,0.44937343358395987,0.0597250332506566,3
notcorrelating85,polynomial3,0.01,1,0.3746240601503759,0.06950884571022378,3
notcorrelating85,polynomial3,0.1,1,0.2768796992481203,0.04090603841010328,3
notcorrelating85,polynomial3,1,1,0.2964598997493734,0.04973415192421478,3
notcorrelating85,polynomial3,10,1,0.2964598997493734,0.04973415192421478,3
notcorrelating85,polynomial3,100,1,0.2964598997493734,0.04973415192421478,3
notcorrelating85,polynomial3,1000,1,0.2964598997493734,0.04973415192421478,3
notcorrelating85,polynomial3,0.001,10,0.44937343358395987,0.0597250332506566,3
notcorrelating85,polynomial3,0.01,10,0.23778195488721804,0.06308074928696983,3
notcorrelating85,polynomial3,0.1,10,0.28944235588972433,0.040234761282717836,3
notcorrelating85,polynomial3,1,10,0.2964598997493734,0.04973415192421478,3
notcorrelating85,polynomial3,10,10,0.2964598997493734,0.04973415192421478,3
notcorrelating85,polynomial3,100,10,0.2964598997493734,0.04973415192421478,3
notcorrelating85,polynomial3,1000,10,0.2964598997493734,0.04973415192421478,3
notcorrelating85,polynomial3,0.001,100,0.45288220551378444,0.06444641627635044,3
notcorrelating85,polynomial3,0.01,100,0.2574874686716792,0.05824623959460774,3
notcorrelating85,polynomial3,0.1,100,0.2964598997493734,0.04973415192421478,3
notcorrelating85,polynomial3,1,100,0.2964598997493734,0.04973415192421478,3
notcorrelating85,polynomial3,10,100,0.2964598997493734,0.04973415192421478,3
notcorrelating85,polynomial3,100,100,0.2964598997493734,0.04973415192421478,3
notcorrelating85,polynomial3,1000,100,0.2964598997493734,0.04973415192421478,3
notcorrelating85,polynomial3,0.001,1000,0.3746240601503759,0.06950884571022378,3
notcorrelating85,polynomial3,0.01,1000,0.2768796992481203,0.04090603841010328,3
notcorrelating85,polynomial3,0.1,1000,0.2964598997493734,0.04973415192421478,3
notcorrelating85,polynomial3,1,1000,0.2964598997493734,0.04973415192421478,3
notcorrelating85,polynomial3,10,1000,0.2964598997493734,0.04973415192421478,3
notcorrelating85,polynomial3,100,1000,0.2964598997493734,0.04973415192421478,3
notcorrelating85,polynomial3,1000,1000,0.2964598997493734,0.04973415192421478,3
notcorrelating85,polynomial4,0.001,0.01,0.4494360902255639,0.04914968802866237,4
notcorrelating85,polynomial4,0.01,0.01,0.4494360902255639,0.04914968802866237,4
notcorrelating85,polynomial4,0.1,0.01,0.34467418546365913,0.07223271859107014,4
notcorrelating85,polynomial4,1,0.01,0.3479636591478697,0.06887736345153754,4
notcorrelating85,polynomial4,10,0.01,0.3479636591478697,0.06887736345153754,4
notcorrelating85,polynomial4,100,0.01,0.3479636591478697,0.06887736345153754,4
notcorrelating85,polynomial4,1000,0.01,0.3479636591478697,0.06887736345153754,4
notcorrelating85,polynomial4,0.001,0.1,0.4494360902255639,0.04914968802866237,4
notcorrelating85,polynomial4,0.01,0.1,0.4494360902255639,0.04914968802866237,4
notcorrelating85,polynomial4,0.1,0.1,0.34617794486215536,0.07269295637845491,4
notcorrelating85,polynomial4,1,0.1,0.3479636591478697,0.06887736345153754,4
notcorrelating85,polynomial4,10,0.1,0.3479636591478697,0.06887736345153754,4
notcorrelating85,polynomial4,100,0.1,0.3479636591478697,0.06887736345153754,4
notcorrelating85,polynomial4,1000,0.1,0.3479636591478697,0.06887736345153754,4
notcorrelating85,polynomial4,0.001,1,0.4494360902255639,0.04914968802866237,4
notcorrelating85,polynomial4,0.01,1,0.4423558897243108,0.04127578096261714,4
notcorrelating85,polynomial4,0.1,1,0.349749373433584,0.0606312867055528,4
notcorrelating85,polynomial4,1,1,0.3479636591478697,0.06887736345153754,4
notcorrelating85,polynomial4,10,1,0.3479636591478697,0.06887736345153754,4
notcorrelating85,polynomial4,100,1,0.3479636591478697,0.06887736345153754,4
notcorrelating85,polynomial4,1000,1,0.3479636591478697,0.06887736345153754,4
notcorrelating85,polynomial4,0.001,10,0.4494360902255639,0.04914968802866237,4
notcorrelating85,polynomial4,0.01,10,0.40676691729323305,0.057144437277541586,4
notcorrelating85,polynomial4,0.1,10,0.34614661654135337,0.07261287089276998,4
notcorrelating85,polynomial4,1,10,0.3479636591478697,0.06887736345153754,4
notcorrelating85,polynomial4,10,10,0.3479636591478697,0.06887736345153754,4
notcorrelating85,polynomial4,100,10,0.3479636591478697,0.06887736345153754,4
notcorrelating85,polynomial4,1000,10,0.3479636591478697,0.06887736345153754,4
notcorrelating85,polynomial4,0.001,100,0.4494360902255639,0.04914968802866237,4
notcorrelating85,polynomial4,0.01,100,0.34467418546365913,0.07223271859107014,4
notcorrelating85,polynomial4,0.1,100,0.3479636591478697,0.06887736345153754,4
notcorrelating85,polynomial4,1,100,0.3479636591478697,0.06887736345153754,4
notcorrelating85,polynomial4,10,100,0.3479636591478697,0.06887736345153754,4
notcorrelating85,polynomial4,100,100,0.3479636591478697,0.06887736345153754,4
notcorrelating85,polynomial4,1000,100,0.3479636591478697,0.06887736345153754,4
notcorrelating85,polynomial4,0.001,1000,0.4494360902255639,0.04914968802866237,4
notcorrelating85,polynomial4,0.01,1000,0.34617794486215536,0.07269295637845491,4
notcorrelating85,polynomial4,0.1,1000,0.3479636591478697,0.06887736345153754,4
notcorrelating85,polynomial4,1,1000,0.3479636591478697,0.06887736345153754,4
notcorrelating85,polynomial4,10,1000,0.3479636591478697,0.06887736345153754,4
notcorrelating85,polynomial4,100,1000,0.3479636591478697,0.06887736345153754,4
notcorrelating85,polynomial4,1000,1000,0.3479636591478697,0.06887736345153754,4
notcorrelating85,polynomial5,0.001,0.01,0.4493421052631579,0.08974080597460746,5
notcorrelating85,polynomial5,0.01,0.01,0.4493421052631579,0.08974080597460746,5
notcorrelating85,polynomial5,0.1,0.01,0.30031328320802003,0.054630619290938646,5
notcorrelating85,polynomial5,1,0.01,0.3019110275689223,0.08430003614699831,5
notcorrelating85,polynomial5,10,0.01,0.3019110275689223,0.08430003614699831,5
notcorrelating85,polynomial5,100,0.01,0.3019110275689223,0.08430003614699831,5
notcorrelating85,polynomial5,1000,0.01,0.3019110275689223,0.08430003614699831,5
notcorrelating85,polynomial5,0.001,0.1,0.4493421052631579,0.08974080597460746,5
notcorrelating85,polynomial5,0.01,0.1,0.45288220551378444,0.0865661463536914,5
notcorrelating85,polynomial5,0.1,0.1,0.28778195488721803,0.03151545335611315,5
notcorrelating85,polynomial5,1,0.1,0.3019110275689223,0.08430003614699831,5
notcorrelating85,polynomial5,10,0.1,0.3019110275689223,0.08430003614699831,5
notcorrelating85,polynomial5,100,0.1,0.3019110275689223,0.08430003614699831,5
notcorrelating85,polynomial5,1000,0.1,0.3019110275689223,0.08430003614699831,5
notcorrelating85,polynomial5,0.001,1,0.4493421052631579,0.08974080597460746,5
notcorrelating85,polynomial5,0.01,1,0.44401629072681703,0.08769841642886282,5
notcorrelating85,polynomial5,0.1,1,0.27534461152882206,0.049724590881799466,5
notcorrelating85,polynomial5,1,1,0.3019110275689223,0.08430003614699831,5
notcorrelating85,polynomial5,10,1,0.3019110275689223,0.08430003614699831,5
notcorrelating85,polynomial5,100,1,0.3019110275689223,0.08430003614699831,5
notcorrelating85,polynomial5,1000,1,0.3019110275689223,0.08430003614699831,5
notcorrelating85,polynomial5,0.001,10,0.4493421052631579,0.08974080597460746,5
notcorrelating85,polynomial5,0.01,10,0.43154761904761907,0.09479982429212544,5
notcorrelating85,polynomial5,0.1,10,0.3019110275689223,0.08430003614699831,5
notcorrelating85,polynomial5,1,10,0.3019110275689223,0.08430003614699831,5
notcorrelating85,polynomial5,10,10,0.3019110275689223,0.08430003614699831,5
notcorrelating85,polynomial5,100,10,0.3019110275689223,0.08430003614699831,5
notcorrelating85,polynomial5,1000,10,0.3019110275689223,0.08430003614699831,5
notcorrelating85,polynomial5,0.001,100,0.4493421052631579,0.08974080597460746,5
notcorrelating85,polynomial5,0.01,100,0.34100877192982454,0.07903548195081768,5
notcorrelating85,polynomial5,0.1,100,0.3019110275689223,0.08430003614699831,5
notcorrelating85,polynomial5,1,100,0.3019110275689223,0.08430003614699831,5
notcorrelating85,polynomial5,10,100,0.3019110275689223,0.08430003614699831,5
notcorrelating85,polynomial5,100,100,0.3019110275689223,0.08430003614699831,5
notcorrelating85,polynomial5,1000,100,0.3019110275689223,0.08430003614699831,5
notcorrelating85,polynomial5,0.001,1000,0.4493421052631579,0.08974080597460746,5
notcorrelating85,polynomial5,0.01,1000,0.30031328320802003,0.054630619290938646,5
notcorrelating85,polynomial5,0.1,1000,0.3019110275689223,0.08430003614699831,5
notcorrelating85,polynomial5,1,1000,0.3019110275689223,0.08430003614699831,5
notcorrelating85,polynomial5,10,1000,0.3019110275689223,0.08430003614699831,5
notcorrelating85,polynomial5,100,1000,0.3019110275689223,0.08430003614699831,5
notcorrelating85,polynomial5,1000,1000,0.3019110275689223,0.08430003614699831,5
notcorrelating85,sigmoid,0.001,0.01,0.44968671679197997,0.06611524414817906,NA
notcorrelating85,sigmoid,0.01,0.01,0.44968671679197997,0.06611524414817906,NA
notcorrelating85,sigmoid,0.1,0.01,0.23609022556390977,0.05331937443870818,NA
notcorrelating85,sigmoid,1,0.01,0.23963032581453636,0.05664363900512369,NA
notcorrelating85,sigmoid,10,0.01,0.23609022556390977,0.05835169222778365,NA
notcorrelating85,sigmoid,100,0.01,0.23787593984962407,0.05849054265902329,NA
notcorrelating85,sigmoid,1000,0.01,0.23787593984962407,0.05849054265902329,NA
notcorrelating85,sigmoid,0.001,0.1,0.44968671679197997,0.06611524414817906,NA
notcorrelating85,sigmoid,0.01,0.1,0.2200501253132832,0.057659469700720715,NA
notcorrelating85,sigmoid,0.1,0.1,0.25388471177944866,0.059165330718236535,NA
notcorrelating85,sigmoid,1,0.1,0.30015664160401,0.04519669330677846,NA
notcorrelating85,sigmoid,10,0.1,0.3036967418546366,0.041953496904600714,NA
notcorrelating85,sigmoid,100,0.1,0.3018796992481203,0.048972087972057744,NA
notcorrelating85,sigmoid,1000,0.1,0.29837092731829573,0.033762053921168295,NA
notcorrelating85,sigmoid,0.001,1,0.2200501253132832,0.057659469700720715,NA
notcorrelating85,sigmoid,0.01,1,0.20939849624060147,0.06314488827676865,NA
notcorrelating85,sigmoid,0.1,1,0.3232769423558897,0.05009951516920391,NA
notcorrelating85,sigmoid,1,1,0.3430451127819549,0.06836580092881461,NA
notcorrelating85,sigmoid,10,1,0.34288847117794485,0.06787180261918255,NA
notcorrelating85,sigmoid,100,1,0.3270050125313283,0.05330824711048375,NA
notcorrelating85,sigmoid,1000,1,0.35889724310776944,0.06834700785561812,NA
notcorrelating85,sigmoid,0.001,10,0.22001879699248122,0.06369116877597458,NA
notcorrelating85,sigmoid,0.01,10,0.26105889724310777,0.05111629408605229,NA
notcorrelating85,sigmoid,0.1,10,0.31976817042606515,0.04635957577822477,NA
notcorrelating85,sigmoid,1,10,0.3732142857142857,0.07426406181124508,NA
notcorrelating85,sigmoid,10,10,0.3287280701754386,0.049689620403959606,NA
notcorrelating85,sigmoid,100,10,0.3518796992481203,0.057636504710566916,NA
notcorrelating85,sigmoid,1000,10,0.35538847117794486,0.06547980454211236,NA
notcorrelating85,sigmoid,0.001,100,0.2235588972431078,0.07623470773429485,NA
notcorrelating85,sigmoid,0.01,100,0.28768796992481205,0.04031317749251713,NA
notcorrelating85,sigmoid,0.1,100,0.33399122807017545,0.05399215914987581,NA
notcorrelating85,sigmoid,1,100,0.35902255639097747,0.054252796872857695,NA
notcorrelating85,sigmoid,10,100,0.3394736842105263,0.061205914777215584,NA
notcorrelating85,sigmoid,100,100,0.34830827067669173,0.05589543710571151,NA
notcorrelating85,sigmoid,1000,100,0.35892857142857143,0.060445358979820195,NA
notcorrelating85,sigmoid,0.001,1000,0.25015664160401,0.048784688534604784,NA
notcorrelating85,sigmoid,0.01,1000,0.2893796992481203,0.04489203714684701,NA
notcorrelating85,sigmoid,0.1,1000,0.33571428571428574,0.05961519608313775,NA
notcorrelating85,sigmoid,1,1000,0.3555451127819549,0.06204509584415289,NA
notcorrelating85,sigmoid,10,1000,0.3429824561403509,0.06343601189611817,NA
notcorrelating85,sigmoid,100,1000,0.3429824561403509,0.05590265530804477,NA
notcorrelating85,sigmoid,1000,1000,0.35892857142857143,0.0632109720729586,NA
notcorrelating75,radial,0.001,0.01,0.44956140350877194,0.059426447216305404,NA
notcorrelating75,radial,0.01,0.01,0.44956140350877194,0.059426447216305404,NA
notcorrelating75,radial,0.1,0.01,0.44956140350877194,0.059426447216305404,NA
notcorrelating75,radial,1,0.01,0.44956140350877194,0.059426447216305404,NA
notcorrelating75,radial,10,0.01,0.44956140350877194,0.059426447216305404,NA
notcorrelating75,radial,100,0.01,0.44956140350877194,0.059426447216305404,NA
notcorrelating75,radial,1000,0.01,0.44956140350877194,0.059426447216305404,NA
notcorrelating75,radial,0.001,0.1,0.44956140350877194,0.059426447216305404,NA
notcorrelating75,radial,0.01,0.1,0.2536967418546366,0.05701234136145987,NA
notcorrelating75,radial,0.1,0.1,0.4460213032581454,0.06263680589670692,NA
notcorrelating75,radial,1,0.1,0.44956140350877194,0.059426447216305404,NA
notcorrelating75,radial,10,0.1,0.44956140350877194,0.059426447216305404,NA
notcorrelating75,radial,100,0.1,0.44956140350877194,0.059426447216305404,NA
notcorrelating75,radial,1000,0.1,0.44956140350877194,0.059426447216305404,NA
notcorrelating75,radial,0.001,1,0.2199248120300752,0.05324483428262107,NA
notcorrelating75,radial,0.01,1,0.20231829573934837,0.04942396064937487,NA
notcorrelating75,radial,0.1,1,0.3090225563909774,0.06665683821915362,NA
notcorrelating75,radial,1,1,0.4212092731829574,0.07039858558291132,NA
notcorrelating75,radial,10,1,0.4353696741854637,0.0646786399628935,NA
notcorrelating75,radial,100,1,0.43894110275689224,0.06738226672950227,NA
notcorrelating75,radial,1000,1,0.4424812030075188,0.06431022536402972,NA
notcorrelating75,radial,0.001,10,0.21105889724310778,0.06907135758879886,NA
notcorrelating75,radial,0.01,10,0.2430451127819549,0.07287586655593933,NA
notcorrelating75,radial,0.1,10,0.30720551378446115,0.0595716438555825,NA
notcorrelating75,radial,1,10,0.4193922305764411,0.06879038696712693,NA
notcorrelating75,radial,10,10,0.43179824561403507,0.06332869356070131,NA
notcorrelating75,radial,100,10,0.43894110275689224,0.06738226672950227,NA
notcorrelating75,radial,1000,10,0.4424812030075188,0.06431022536402972,NA
notcorrelating75,radial,0.001,100,0.22355889724310776,0.05045107006349027,NA
notcorrelating75,radial,0.01,100,0.2858395989974937,0.07168904371021866,NA
notcorrelating75,radial,0.1,100,0.3142857142857143,0.04823403970281768,NA
notcorrelating75,radial,1,100,0.4193922305764411,0.06879038696712693,NA
notcorrelating75,radial,10,100,0.43179824561403507,0.06332869356070131,NA
notcorrelating75,radial,100,100,0.43894110275689224,0.06738226672950227,NA
notcorrelating75,radial,1000,100,0.4424812030075188,0.06431022536402972,NA
notcorrelating75,radial,0.001,1000,0.2536967418546366,0.06828405010601574,NA
notcorrelating75,radial,0.01,1000,0.2804824561403509,0.05837221811573395,NA
notcorrelating75,radial,0.1,1000,0.3142857142857143,0.04823403970281768,NA
notcorrelating75,radial,1,1000,0.4193922305764411,0.06879038696712693,NA
notcorrelating75,radial,10,1000,0.43179824561403507,0.06332869356070131,NA
notcorrelating75,radial,100,1000,0.43894110275689224,0.06738226672950227,NA
notcorrelating75,radial,1000,1000,0.4424812030075188,0.06431022536402972,NA
notcorrelating75,polynomial3,0.001,0.01,0.4495300751879699,0.058663566863709195,3
notcorrelating75,polynomial3,0.01,0.01,0.4495300751879699,0.058663566863709195,3
notcorrelating75,polynomial3,0.1,0.01,0.2556077694235589,0.06429364765781306,3
notcorrelating75,polynomial3,1,0.01,0.2824248120300752,0.04930742196004225,3
notcorrelating75,polynomial3,10,0.01,0.30200501253132833,0.07287873958924991,3
notcorrelating75,polynomial3,100,0.01,0.30200501253132833,0.07287873958924991,3
notcorrelating75,polynomial3,1000,0.01,0.30200501253132833,0.07287873958924991,3
notcorrelating75,polynomial3,0.001,0.1,0.4495300751879699,0.058663566863709195,3
notcorrelating75,polynomial3,0.01,0.1,0.4495300751879699,0.058663566863709195,3
notcorrelating75,polynomial3,0.1,0.1,0.2930451127819549,0.07132516808613254,3
notcorrelating75,polynomial3,1,0.1,0.30200501253132833,0.07287873958924991,3
notcorrelating75,polynomial3,10,0.1,0.30200501253132833,0.07287873958924991,3
notcorrelating75,polynomial3,100,0.1,0.30200501253132833,0.07287873958924991,3
notcorrelating75,polynomial3,1000,0.1,0.30200501253132833,0.07287873958924991,3
notcorrelating75,polynomial3,0.001,1,0.4495300751879699,0.058663566863709195,3
notcorrelating75,polynomial3,0.01,1,0.43530701754385964,0.04745324329127029,3
notcorrelating75,polynomial3,0.1,1,0.28775062656641603,0.04807879503565672,3
notcorrelating75,polynomial3,1,1,0.30200501253132833,0.07287873958924991,3
notcorrelating75,polynomial3,10,1,0.30200501253132833,0.07287873958924991,3
notcorrelating75,polynomial3,100,1,0.30200501253132833,0.07287873958924991,3
notcorrelating75,polynomial3,1000,1,0.30200501253132833,0.07287873958924991,3
notcorrelating75,polynomial3,0.001,10,0.4495300751879699,0.058663566863709195,3
notcorrelating75,polynomial3,0.01,10,0.2556077694235589,0.06429364765781306,3
notcorrelating75,polynomial3,0.1,10,0.2824248120300752,0.04930742196004225,3
notcorrelating75,polynomial3,1,10,0.30200501253132833,0.07287873958924991,3
notcorrelating75,polynomial3,10,10,0.30200501253132833,0.07287873958924991,3
notcorrelating75,polynomial3,100,10,0.30200501253132833,0.07287873958924991,3
notcorrelating75,polynomial3,1000,10,0.30200501253132833,0.07287873958924991,3
notcorrelating75,polynomial3,0.001,100,0.4495300751879699,0.058663566863709195,3
notcorrelating75,polynomial3,0.01,100,0.2930451127819549,0.07132516808613254,3
notcorrelating75,polynomial3,0.1,100,0.30200501253132833,0.07287873958924991,3
notcorrelating75,polynomial3,1,100,0.30200501253132833,0.07287873958924991,3
notcorrelating75,polynomial3,10,100,0.30200501253132833,0.07287873958924991,3
notcorrelating75,polynomial3,100,100,0.30200501253132833,0.07287873958924991,3
notcorrelating75,polynomial3,1000,100,0.30200501253132833,0.07287873958924991,3
notcorrelating75,polynomial3,0.001,1000,0.43530701754385964,0.04745324329127029,3
notcorrelating75,polynomial3,0.01,1000,0.28775062656641603,0.04807879503565672,3
notcorrelating75,polynomial3,0.1,1000,0.30200501253132833,0.07287873958924991,3
notcorrelating75,polynomial3,1,1000,0.30200501253132833,0.07287873958924991,3
notcorrelating75,polynomial3,10,1000,0.30200501253132833,0.07287873958924991,3
notcorrelating75,polynomial3,100,1000,0.30200501253132833,0.07287873958924991,3
notcorrelating75,polynomial3,1000,1000,0.30200501253132833,0.07287873958924991,3
notcorrelating75,polynomial4,0.001,0.01,0.4494360902255639,0.05618138437307941,4
notcorrelating75,polynomial4,0.01,0.01,0.4529448621553885,0.055300535593414725,4
notcorrelating75,polynomial4,0.1,0.01,0.3568609022556391,0.04478317437476922,4
notcorrelating75,polynomial4,1,0.01,0.3588659147869674,0.07433498244866354,4
notcorrelating75,polynomial4,10,0.01,0.3588659147869674,0.07433498244866354,4
notcorrelating75,polynomial4,100,0.01,0.3588659147869674,0.07433498244866354,4
notcorrelating75,polynomial4,1000,0.01,0.3588659147869674,0.07433498244866354,4
notcorrelating75,polynomial4,0.001,0.1,0.4494360902255639,0.05618138437307941,4
notcorrelating75,polynomial4,0.01,0.1,0.4529448621553885,0.055300535593414725,4
notcorrelating75,polynomial4,0.1,0.1,0.3656954887218045,0.050541524674483064,4
notcorrelating75,polynomial4,1,0.1,0.3588659147869674,0.07433498244866354,4
notcorrelating75,polynomial4,10,0.1,0.3588659147869674,0.07433498244866354,4
notcorrelating75,polynomial4,100,0.1,0.3588659147869674,0.07433498244866354,4
notcorrelating75,polynomial4,1000,0.1,0.3588659147869674,0.07433498244866354,4
notcorrelating75,polynomial4,0.001,1,0.4494360902255639,0.05618138437307941,4
notcorrelating75,polynomial4,0.01,1,0.44765037593984963,0.05710668721027431,4
notcorrelating75,polynomial4,0.1,1,0.33392857142857146,0.05228450735439065,4
notcorrelating75,polynomial4,1,1,0.3588659147869674,0.07433498244866354,4
notcorrelating75,polynomial4,10,1,0.3588659147869674,0.07433498244866354,4
notcorrelating75,polynomial4,100,1,0.3588659147869674,0.07433498244866354,4
notcorrelating75,polynomial4,1000,1,0.3588659147869674,0.07433498244866354,4
notcorrelating75,polynomial4,0.001,10,0.4494360902255639,0.05618138437307941,4
notcorrelating75,polynomial4,0.01,10,0.42280701754385963,0.06534576740983984,4
notcorrelating75,polynomial4,0.1,10,0.3411967418546366,0.05139785284942414,4
notcorrelating75,polynomial4,1,10,0.3588659147869674,0.07433498244866354,4
notcorrelating75,polynomial4,10,10,0.3588659147869674,0.07433498244866354,4
notcorrelating75,polynomial4,100,10,0.3588659147869674,0.07433498244866354,4
notcorrelating75,polynomial4,1000,10,0.3588659147869674,0.07433498244866354,4
notcorrelating75,polynomial4,0.001,100,0.4529448621553885,0.055300535593414725,4
notcorrelating75,polynomial4,0.01,100,0.3568609022556391,0.04478317437476922,4
notcorrelating75,polynomial4,0.1,100,0.3588659147869674,0.07433498244866354,4
notcorrelating75,polynomial4,1,100,0.3588659147869674,0.07433498244866354,4
notcorrelating75,polynomial4,10,100,0.3588659147869674,0.07433498244866354,4
notcorrelating75,polynomial4,100,100,0.3588659147869674,0.07433498244866354,4
notcorrelating75,polynomial4,1000,100,0.3588659147869674,0.07433498244866354,4
notcorrelating75,polynomial4,0.001,1000,0.4529448621553885,0.055300535593414725,4
notcorrelating75,polynomial4,0.01,1000,0.3656954887218045,0.050541524674483064,4
notcorrelating75,polynomial4,0.1,1000,0.3588659147869674,0.07433498244866354,4
notcorrelating75,polynomial4,1,1000,0.3588659147869674,0.07433498244866354,4
notcorrelating75,polynomial4,10,1000,0.3588659147869674,0.07433498244866354,4
notcorrelating75,polynomial4,100,1000,0.3588659147869674,0.07433498244866354,4
notcorrelating75,polynomial4,1000,1000,0.3588659147869674,0.07433498244866354,4
notcorrelating75,polynomial5,0.001,0.01,0.4493421052631579,0.05730182153652457,5
notcorrelating75,polynomial5,0.01,0.01,0.4493421052631579,0.05730182153652457,5
notcorrelating75,polynomial5,0.1,0.01,0.32512531328320804,0.07056391607978658,5
notcorrelating75,polynomial5,1,0.01,0.36062030075187973,0.06080877371393698,5
notcorrelating75,polynomial5,10,0.01,0.36062030075187973,0.06080877371393698,5
notcorrelating75,polynomial5,100,0.01,0.36062030075187973,0.06080877371393698,5
notcorrelating75,polynomial5,1000,0.01,0.36062030075187973,0.06080877371393698,5
notcorrelating75,polynomial5,0.001,0.1,0.4493421052631579,0.05730182153652457,5
notcorrelating75,polynomial5,0.01,0.1,0.45288220551378444,0.05787241544282949,5
notcorrelating75,polynomial5,0.1,0.1,0.30031328320802003,0.08119297775416288,5
notcorrelating75,polynomial5,1,0.1,0.36062030075187973,0.06080877371393698,5
notcorrelating75,polynomial5,10,0.1,0.36062030075187973,0.06080877371393698,5
notcorrelating75,polynomial5,100,0.1,0.36062030075187973,0.06080877371393698,5
notcorrelating75,polynomial5,1000,0.1,0.36062030075187973,0.06080877371393698,5
notcorrelating75,polynomial5,0.001,1,0.4493421052631579,0.05730182153652457,5
notcorrelating75,polynomial5,0.01,1,0.4457706766917293,0.06307840677272261,5
notcorrelating75,polynomial5,0.1,1,0.29329573934837094,0.07003042636406397,5
notcorrelating75,polynomial5,1,1,0.36062030075187973,0.06080877371393698,5
notcorrelating75,polynomial5,10,1,0.36062030075187973,0.06080877371393698,5
notcorrelating75,polynomial5,100,1,0.36062030075187973,0.06080877371393698,5
notcorrelating75,polynomial5,1000,1,0.36062030075187973,0.06080877371393698,5
notcorrelating75,polynomial5,0.001,10,0.4493421052631579,0.05730182153652457,5
notcorrelating75,polynomial5,0.01,10,0.4404135338345865,0.06487960016802638,5
notcorrelating75,polynomial5,0.1,10,0.3268170426065163,0.061361368020711037,5
notcorrelating75,polynomial5,1,10,0.36062030075187973,0.06080877371393698,5
notcorrelating75,polynomial5,10,10,0.36062030075187973,0.06080877371393698,5
notcorrelating75,polynomial5,100,10,0.36062030075187973,0.06080877371393698,5
notcorrelating75,polynomial5,1000,10,0.36062030075187973,0.06080877371393698,5
notcorrelating75,polynomial5,0.001,100,0.4493421052631579,0.05730182153652457,5
notcorrelating75,polynomial5,0.01,100,0.3712092731829574,0.06242114089711839,5
notcorrelating75,polynomial5,0.1,100,0.36062030075187973,0.06080877371393698,5
notcorrelating75,polynomial5,1,100,0.36062030075187973,0.06080877371393698,5
notcorrelating75,polynomial5,10,100,0.36062030075187973,0.06080877371393698,5
notcorrelating75,polynomial5,100,100,0.36062030075187973,0.06080877371393698,5
notcorrelating75,polynomial5,1000,100,0.36062030075187973,0.06080877371393698,5
notcorrelating75,polynomial5,0.001,1000,0.4493421052631579,0.05730182153652457,5
notcorrelating75,polynomial5,0.01,1000,0.32512531328320804,0.07056391607978658,5
notcorrelating75,polynomial5,0.1,1000,0.36062030075187973,0.06080877371393698,5
notcorrelating75,polynomial5,1,1000,0.36062030075187973,0.06080877371393698,5
notcorrelating75,polynomial5,10,1000,0.36062030075187973,0.06080877371393698,5
notcorrelating75,polynomial5,100,1000,0.36062030075187973,0.06080877371393698,5
notcorrelating75,polynomial5,1000,1000,0.36062030075187973,0.06080877371393698,5
notcorrelating75,sigmoid,0.001,0.01,0.4494987468671679,0.051335298493624025,NA
notcorrelating75,sigmoid,0.01,0.01,0.4494987468671679,0.051335298493624025,NA
notcorrelating75,sigmoid,0.1,0.01,0.25043859649122807,0.06317872850167378,NA
notcorrelating75,sigmoid,1,0.01,0.2505639097744361,0.059594082717484655,NA
notcorrelating75,sigmoid,10,0.01,0.25410401002506267,0.06172950399667924,NA
notcorrelating75,sigmoid,100,0.01,0.25407268170426067,0.06042153069513871,NA
notcorrelating75,sigmoid,1000,0.01,0.25582706766917296,0.06096687630617646,NA
notcorrelating75,sigmoid,0.001,0.1,0.4494987468671679,0.051335298493624025,NA
notcorrelating75,sigmoid,0.01,0.1,0.22562656641604012,0.06641961944506584,NA
notcorrelating75,sigmoid,0.1,0.1,0.2578947368421053,0.0879568976526567,NA
notcorrelating75,sigmoid,1,0.1,0.28784461152882207,0.05285545666974319,NA
notcorrelating75,sigmoid,10,0.1,0.2736528822055138,0.04129037555381636,NA
notcorrelating75,sigmoid,100,0.1,0.29846491228070177,0.05468824801042091,NA
notcorrelating75,sigmoid,1000,0.1,0.28076441102756894,0.06280437192993223,NA
notcorrelating75,sigmoid,0.001,1,0.22562656641604012,0.06590272174641625,NA
notcorrelating75,sigmoid,0.01,1,0.23110902255639099,0.07040614458209116,NA
notcorrelating75,sigmoid,0.1,1,0.32525062656641607,0.060513291550428054,NA
notcorrelating75,sigmoid,1,1,0.3516917293233083,0.07269688670780361,NA
notcorrelating75,sigmoid,10,1,0.3215538847117794,0.045955370824051635,NA
notcorrelating75,sigmoid,100,1,0.3519423558897243,0.0733674819841714,NA
notcorrelating75,sigmoid,1000,1,0.33220551378446117,0.06436615948403038,NA
notcorrelating75,sigmoid,0.001,10,0.22042606516290728,0.06189283118982316,NA
notcorrelating75,sigmoid,0.01,10,0.2613408521303258,0.06019673414308065,NA
notcorrelating75,sigmoid,0.1,10,0.3055764411027569,0.05664243572924965,NA
notcorrelating75,sigmoid,1,10,0.3516604010025063,0.07728093447418881,NA
notcorrelating75,sigmoid,10,10,0.32866541353383455,0.053102186591236784,NA
notcorrelating75,sigmoid,100,10,0.3358082706766917,0.0773225790760545,NA
notcorrelating75,sigmoid,1000,10,0.34464285714285714,0.07741645107791977,NA
notcorrelating75,sigmoid,0.001,100,0.24357769423558895,0.06473816391322774,NA
notcorrelating75,sigmoid,0.01,100,0.27725563909774437,0.0527038414029017,NA
notcorrelating75,sigmoid,0.1,100,0.3180137844611529,0.04829383690525866,NA
notcorrelating75,sigmoid,1,100,0.3533834586466165,0.07488335211534936,NA
notcorrelating75,sigmoid,10,100,0.3269736842105263,0.05548288953440049,NA
notcorrelating75,sigmoid,100,100,0.33574561403508774,0.07230624250870046,NA
notcorrelating75,sigmoid,1000,100,0.34464285714285714,0.07741645107791977,NA
notcorrelating75,sigmoid,0.001,1000,0.24351503759398496,0.055220069589088795,NA
notcorrelating75,sigmoid,0.01,1000,0.29852756892230575,0.064071918047636775,NA
notcorrelating75,sigmoid,0.1,1000,0.312719298245614,0.055150659253634056,NA
notcorrelating75,sigmoid,1,1000,0.35874060150375936,0.08493980908875566,NA
notcorrelating75,sigmoid,10,1000,0.33226817042606516,0.055219704240073865,NA
notcorrelating75,sigmoid,100,1000,0.3395050125313283,0.07650285708964129,NA
notcorrelating75,sigmoid,1000,1000,0.34636591478696743,0.07807245504770594,NA
